hour,prompts_count,avg_energy,most_common_mode
5,16,1.37109,2
6,5,0.9295500000000001,1
7,22,0.5226881818181819,0
8,29,0.6440455172413794,0
9,32,0.87821875,0
10,15,0.49505133333333334,0
11,21,0.8073676190476191,0
12,24,0.4206716666666667,0
13,39,0.6575061538461539,0
14,22,0.3213186363636364,0
15,4,0.4444575,0
16,16,0.992419375,0
17,5,0.940762,2
18,3,0.9780899999999999,2
19,23,0.4059447826086956,0
20,10,0.8557244444444445,1
