,usageInWh,total_tokens,response_length,energy_per_token,tokens_per_wh
usageInWh,1.0,0.8394468590626927,0.8535323222929002,0.21439787422363013,-0.2853067216902567
total_tokens,0.8394468590626927,1.0,0.787209773218803,-0.11387283100060104,0.12425918000178346
response_length,0.8535323222929002,0.787209773218803,1.0,-0.012235212730498359,-0.06056380302482401
energy_per_token,0.21439787422363013,-0.11387283100060104,-0.012235212730498359,1.0,-0.8966112009644546
tokens_per_wh,-0.2853067216902567,0.12425918000178346,-0.06056380302482401,-0.8966112009644546,1.0
