mode,energy_efficiency,response_quality,token_efficiency,avg_energy,avg_tokens
Balanced,3678.9196939274875,1506.1206896551723,29.429951424078425,0.6516659649122808,3001.5087719298244
Performance,2518.2304246057374,2273.875,26.71851702418305,1.377180833333333,3525.0
Energy Efficient,4835.561342342884,1378.4615384615386,16.777858491499963,0.3723326923076923,1766.6923076923076
